{
    "loss": 0.23268099129199982,
    "accuracy": 0.9655172228813171
}